serialNumber,first_name,last_name,email,gender,ip_address
1,Matthias,Harriot,mharriot0@moonfruit.com,Male,39.149.204.37
2,Margarete,Trenoweth,mtrenoweth1@latimes.com,Female,162.46.235.201
3,Arvie,Rickman,arickman2@eventbrite.com,Male,159.206.105.79
4,Felicity,Fehely,ffehely3@elegantthemes.com,Female,138.164.199.16
5,Eddi,Kettridge,ekettridge4@cpanel.net,Female,131.117.180.85
6,Ethel,Isaksson,eisaksson5@odnoklassniki.ru,Female,20.72.96.75
7,Godard,Dunridge,gdunridge6@dailymail.co.uk,Male,204.136.249.84
8,Hagan,Upfold,hupfold7@bandcamp.com,Male,92.43.24.244
9,Isabelle,Cosslett,icosslett8@cisco.com,Female,156.149.157.15
10,Pearla,Southerill,psoutherill9@unicef.org,Female,180.5.29.128
11,Carmine,Dymidowicz,cdymidowicza@disqus.com,Male,23.122.179.122
12,Kelsy,Chillistone,kchillistoneb@nifty.com,Female,92.125.77.72
13,Shauna,Shakelade,sshakeladec@istockphoto.com,Female,80.151.19.167
14,Lauryn,Slesser,lslesserd@elpais.com,Polygender,130.225.100.137
15,Jacquetta,Rodolfi,jrodolfie@google.co.uk,Female,212.148.205.114
16,Stefa,Hansen,shansenf@wordpress.org,Bigender,177.109.108.196
17,Arv,Breens,abreensg@oakley.com,Male,179.111.120.51
18,Berti,Leonardi,bleonardih@addtoany.com,Female,243.244.162.188
19,Quinlan,Pyford,qpyfordi@intel.com,Male,132.11.22.124
20,Mariam,Primrose,mprimrosej@deviantart.com,Female,122.52.235.92